{"cameraMode":{"drawMode":0,"name":"Shaded","section":"Shading Mode"},"sceneLighting":true,"audioPlay":false,"sceneViewState":{"m_AlwaysRefresh":false,"showFog":true,"showSkybox":true,"showFlares":true,"showImageEffects":true,"showParticleSystems":true,"showVisualEffectGraphs":true,"m_FxEnabled":true},"in2DMode":false,"pivot":{"x":-2.383734941482544,"y":-19.87776756286621,"z":33.650779724121097},"rotation":{"x":-0.2466391921043396,"y":-0.028782831504940988,"z":0.007403060328215361,"w":-0.9687124490737915},"size":33.914703369140628,"orthographic":false}